<?xml version="1.0"?>
<!DOCTYPE modification SYSTEM "http://www.simplemachines.org/xml/modification">
<modification xmlns="http://www.simplemachines.org/xml/modification" xmlns:smf="http://www.simplemachines.org/">
<id>OneAll:OneAllSocialLogin</id>
<version>4.3.1</version>

<file name="$languagedir/Modifications.english.php">
	<operation>
		<search position="end" />
			<add><![CDATA[
// OneAll Social Login (https://docs.oneall.com/plugins/)
$txt['oasl_title'] = 'OneAll Social Login';
$txt['oasl_config'] = 'Configuration';
$txt['oasl_settings_descr'] = 'OneAll Social Login Settings';
$txt['oasl_user_does_not_exist'] = "<strong>This social network has not yet been linked to an account.</strong><br /><br />Please use the registration form to create a new account. If you already have an account, open your profile settings to connect the social network to it.";
$txt['oasl_user_may_not_register'] = 'Sorry, but the admistration has disabled the registration for new users.';
$txt['oasl_user_require_activation'] = 'Your account has been created but it needs to be verified. Please check your mailbox and click on the link in the verification email.';

]]></add>
		</operation>
	</file>
	
<file name="$boarddir/index.php">
	<operation>
		<search position="before"><![CDATA[
		'editpoll2' => array('Poll.php', 'EditPoll2'),]]></search>
		<add><![CDATA[
		'oasl' => array('Subs-OneallSocialLogin.php', 'oneall_social_login_config'),
		'oasl_registration' => array('Subs-OneallSocialLogin.php', 'oneall_social_login_registration'),
		'oasl_callback' => array('Subs-OneallSocialLogin.php', 'oneall_social_login_callback'),]]></add>
	</operation>	
</file>

<file name="$boarddir/index.php">
	<operation>
		<search position="after"><![CDATA['coppa', 'login',]]></search>
		<add><![CDATA['oasl_registration', 'oasl_callback', ]]></add>
	</operation>	
</file>

<file name="$sourcedir/Admin.php">
	<operation>
		<search position="after"><![CDATA['layout' => array(
			'title' => $txt['layout_controls'],]]></search>
		<add><![CDATA[
		// OneAll Social Login (https://docs.oneall.com/plugins/)
		'oasl' => array(
			'title' => $txt['oasl_title'],
			'permission' => array('admin_forum'),
			'areas' => array(
				'oasl' => array(
					'label' => $txt['oasl_config'],
					'file' => 'Subs-OneallSocialLogin.php',
					'function' => 'oneall_social_login_config',
					'custom_url' => $scripturl . '?action=admin;area=oasl;sa=settings;sesc='. $context['session_id'],
					'icon' => 'server.gif'	
				)	
			)
		),
]]></add>
	</operation>
</file>

<file name="$sourcedir/Load.php">
	<operation>
		<search position="before"><![CDATA[// Some basic information...
	if (!isset($context['html_headers']))
		$context['html_headers'] = '';]]></search>
		<add><![CDATA[
				
	// OneAll Social Login (https://docs.oneall.com/plugins/)
	if ( ! empty ($modSettings['oasl_api_subdomain']))
	{
		$context['html_headers'] .= "\n<!-- OneAll.com / Social Login for SMF //-->\n";
		$context['html_headers'] .= '<script type="text/javascript" src="//' . htmlspecialchars ($modSettings['oasl_api_subdomain']) . '.api.oneall.com/socialize/library.js"></script>';
	}]]></add>
	</operation>
</file>

<file name="$themedir/Profile.template.php">
	<operation>
		<search position="after"><![CDATA[// Any closing HTML?
	if (!empty($context['profile_posthtml']))]]></search>
		<add><![CDATA[	// OneAll Social Login (https://docs.oneall.com/plugins/)
	if (!empty ($modSettings['oasl_api_key']) && !empty ($modSettings['oasl_enabled_providers']))
	{
		if ( ! empty ($context['user']['is_owner']) && ! empty ($context['user']['id']))
		{		
			global $boardurl, $sourcedir;
			
			// Include the OneAll Toolbox.
			require_once($sourcedir . '/OneallSocialLogin.sdk.php');
				
			//Extract providers
			$oasl_enabled_providers = explode (',', trim ($modSettings['oasl_enabled_providers']));
			
			//User Token
			$oasl_user_token = oneall_social_login_get_user_token_for_id_member($context['user']['id']);
			
			//Random integer
			$rand = mt_rand (99999, 9999999);
			
			echo '
				<hr width="100%" size="1" class="hrcolor clear" />
				<dl id="oasl_social_link">
					<dt>
						<strong>'.$modSettings['oasl_settings_profile_caption'].'</strong><br />
						<span class="smalltext">'.$modSettings['oasl_settings_profile_desc'].'</span>
					</dt>
					<dd>
						<div class="oneall_social_login_providers" id="oneall_social_login_providers_'.$rand.'"></div>
							<script type="text/javascript">
								oneall.api.plugins.social_link.build("oneall_social_login_providers_'.$rand.'", {
									"providers": [\''.implode ("', '", $oasl_enabled_providers).'\'], 
									"user_token": \''.$oasl_user_token.'\',
									"callback_uri": \''.$boardurl.'/index.php?action=oasl_callback;oasl_source=profile;oasl_uid='.$context['user']['id'].'\'
								});
							</script>
							<!-- OneAll.com / Social Login for SMF -->
					</dd>
				</dl>';		
		}
	 }
	 
	]]></add>
	</operation>
</file>

<file name="$themedir/Register.template.php">
	<operation>
		<search position="after"><![CDATA[echo '
		<form action="', !empty($modSettings['force_ssl']) ? strtr($scripturl, array('http://' => 'https://')) : $scripturl, '?action=signup2" method="post" accept-charset="', $context['character_set'], '" name="registration" id="registration" onsubmit="return verifyAgree();">]]></search>
		<add><![CDATA[

	// OneAll Social Login (https://docs.oneall.com/plugins/)
	if (!empty ($modSettings['oasl_api_key']) && !empty ($modSettings['oasl_enabled_providers']))
	{
		global $boardurl;
		
		// Extract the chosen providers.
		$providers = explode (',', trim ($modSettings['oasl_enabled_providers']));
		
		// Compute a random integer.
		$rand = mt_rand (99999, 9999999);
	
		// Add a caption.
		if ( ! empty ($modSettings['oasl_settings_registration_caption']))
		{		
			echo '
				<div class="cat_bar">
					<h3 class="catbg">
						<strong>'.$modSettings['oasl_settings_registration_caption'].' </strong>
					</h3>
				</div>';
		}		
		// Or otherwise just a separation.
		else
		{		
			echo '
				<hr />';
		}		
		
		// Display error messages if there are any.		
		if ( isset ($_REQUEST['oasl_err']))
		{
			switch ($_REQUEST['oasl_err'])
			{
				case 'user_does_not_exist':
					echo '<p class="error">'.$txt['oasl_user_does_not_exist'].'</p>';
				break;
				
				case 'user_registration_disabled':
					echo '<p class="error">'.$txt['oasl_user_may_not_register'].'</p>';
				break;			
			}
		}

		echo '	
			<div class="roundframe noup">
				<span class="topslice"><span></span></span>
				<dl class="register_form">					
					<dd>
						<label>
							<div class="oneall_social_login_providers" id="oneall_social_login_providers_'.$rand.'"></div>
							<script type="text/javascript">
								oneall.api.plugins.social_login.build("oneall_social_login_providers_'.$rand.'", {
									"providers": [\''.implode ("', '", $providers).'\'], 
									"callback_uri": \''.$boardurl.'/index.php?action=oasl_callback;oasl_source=registration\'
								  });
							</script>
						 	<!-- OneAll.com / Social Login for SMF -->
						</label>		
					</dd>
				</dl>
			</div>';
	}	
		
	]]></add>
	</operation>
</file>

<file name="$themedir/Login.template.php">
		<operation>
		<search position="end" />
			<add><![CDATA[
// OneAll Social Login (https://docs.oneall.com/plugins/)
function template_oneall_social_login()
{
	global $txt, $modSettings, $boardurl;
	
	if (!empty ($modSettings['oasl_api_key']) && !empty ($modSettings['oasl_enabled_providers']))
	{		
		// Extract the chosen providers.
		$providers = explode (',', trim ($modSettings['oasl_enabled_providers']));
		
		// Create Random integer to prevent id collision.
		$rand = mt_rand (99999, 9999999);

		// Separe from the traditional login.
		echo '<hr />';		
				
		// Display error messages if there are any.		
		if ( isset ($_REQUEST['oasl_err']))
		{
			switch ($_REQUEST['oasl_err'])
			{
				case 'user_does_not_exist':
					echo '<p class="error">'.$txt['oasl_user_does_not_exist'].'</p>';
				break;
				
				case 'user_require_activation':
					echo '<p class="error">'.$txt['oasl_user_require_activation'].'</p>';
				break;
				
				case 'user_registration_disabled':
					echo '<p class="error">'.$txt['oasl_user_may_not_register'].'</p>';
				break;			
			}
		}
		
		if ( ! empty ($modSettings['oasl_settings_login_caption']))		
		{
			echo '
				<p style="text-align:left;">
					<strong>', $modSettings['oasl_settings_login_caption'], '</strong>
				</p>';		
		}
		
		echo '
			<p style="text-align:left;">
				<div class="oneall_social_login_providers" id="oneall_social_login_providers_', $rand, '"></div>
				<script type="text/javascript">
					oneall.api.plugins.social_login.build("oneall_social_login_providers_', $rand, '", {
						"providers": [\'', implode ("', '", $providers), '\'], 
						"callback_uri": \'', $boardurl, '/index.php?action=oasl_callback;oasl_source=login\',
					});
				</script>
				<!-- OneAll.com / Social Login for SMF -->				
			</p>';
	}
}
]]></add>
	</operation>
	<operation>
		<search position="before"><![CDATA[<p class="smalltext">
						<a href="', $scripturl, '?action=reminder">', $txt['forgot_your_password'], '</a>
					</p>]]></search>
		<add><![CDATA[';
							
	// OneAll Social Login (https://docs.oneall.com/plugins/)
	template_oneall_social_login();
			
	echo ']]></add>
	</operation>
	<operation>
		<search position="before"><![CDATA[<p class="centertext smalltext">
					<a href="', $scripturl, '?action=reminder">', $txt['forgot_your_password'], '</a>
				</p>
			</div>]]></search>
		<add><![CDATA[';
							
	// OneAll Social Login (https://docs.oneall.com/plugins/)
	template_oneall_social_login();
			
	echo ']]></add>
	</operation>
</file>


<file name="$sourcedir/Profile.php">
	<operation>
		<search position="after"><![CDATA[$context['require_password'] = $check_password;]]></search>
		<add><![CDATA[		
	// OneAll Social Login : The user has no password to login, so disable it.
	$request = $smcFunc['db_query']('', 'SELECT user_token FROM {db_prefix}oasl_users WHERE id_member = {int:id_member} LIMIT 1', array ('id_member' => $memID));
	$userRow = $smcFunc['db_fetch_assoc']($request);		
	$smcFunc['db_free_result']($request);		
	if (!empty($userRow['user_token']))	
		$check_password =  false;	
	
	]]></add>
	</operation>
</file>


<file name="$sourcedir/Subs-Members.php">
	<operation>
		<search position="after"><![CDATA[// Delete personal messages.]]></search>
		<add><![CDATA[// OneAll Social Login : Remove linked social network accounts.		
	$request = $smcFunc['db_query']('', '
		SELECT id_oasl_user 
		FROM {db_prefix}oasl_users 
		WHERE id_member IN ({array_int:users})', 
		array(
			'users' => $users,
		)
	);
	
	while ($row = $smcFunc['db_fetch_assoc']($request))
	{
		// Remove user_token.
		$smcFunc['db_query']('', '
			DELETE FROM {db_prefix}oasl_users	
			WHERE id_oasl_user = {int:id_oasl_user}', 
			array(
				'id_oasl_user' => $row['id_oasl_user'],
			)
		);
		
		// Remove identity_token.		
		$smcFunc['db_query']('', '
			DELETE FROM {db_prefix}oasl_identities 
			WHERE id_oasl_user = {int:id_oasl_user}', 
			array(
				'id_oasl_user' => $row['id_oasl_user'],
			)
		);
	}
	$smcFunc['db_free_result']($request);

	]]></add>
	</operation>
</file>	
</modification>
