<?xml version="1.0"?>
<!DOCTYPE package-info SYSTEM "http://www.simplemachines.org/xml/package-info">
<package-info xmlns="http://www.simplemachines.org/xml/package-info" xmlns:smf="http://www.simplemachines.org/">
	<id>OneAll:OneAllSocialLogin</id>
	<name>Social Login</name>
	<type>modification</type>
	<version>4.3.1</version>	    
	<install>	
		<!-- Readme -->
		<readme parsebbc="true">readme.txt</readme>			
		<!-- Install files -->
		<modification type="file">modification.xml</modification>
		<database>install.php</database>
		<redirect url="?action=admin;area=oasl;sa=settings">redirect.txt</redirect>		
		<!-- Package files -->
		<require-file name="/package-files/Sources/Subs-OneallSocialLogin.php" destination="$sourcedir" />
		<require-file name="/package-files/Sources/OneallSocialLogin.sdk.php" destination="$sourcedir" />
		<require-file name="/package-files/Theme/css/OneallSocialLogin.admin.css" destination="$themedir/css" />
		<require-file name="/package-files/Theme/OneallSocialLogin.admin.template.php" destination="$themedir" />
		<require-file name="/package-files/Theme/OneallSocialLogin.register.template.php" destination="$themedir" />
		<require-file name="/package-files/Theme/images/OneallSocialLogin.providers.png" destination="$themedir/images" />
		<require-file name="/package-files/Theme/language/OneallSocialLogin.english.php" destination="$languagedir" />	
	</install>	    	
	<uninstall>		
		<!-- Install files -->
		<modification type="file" reverse="true">modification.xml</modification>
		<database>uninstall-optional.php</database>				
		<!-- Package files -->
		<remove-file name="$sourcedir/Subs-OneallSocialLogin.php" />
		<remove-file name="$sourcedir/OneallSocialLogin.sdk.php" />
		<remove-file name="$themedir/css/OneallSocialLogin.admin.css"  />
		<remove-file name="$themedir/OneallSocialLogin.admin.template.php" />
		<remove-file name="$themedir/OneallSocialLogin.register.template.php" />
		<remove-file name="$themedir/images/OneallSocialLogin.providers.png" />
		<remove-file name="$languagedir/OneallSocialLogin.english.php" />		
	</uninstall>	
</package-info>
